,mutator,mean_similarity,steps
0,Document1StepMutator,"[1.         0.82075387 0.80168576 0.78664028 0.78392255 0.78113948
 0.7856285  0.78340936 0.78188289 0.78338655 0.78190413 0.78006036
 0.77867953 0.77256697 0.77437526 0.77260841 0.77449385 0.77376618
 0.7691783  0.76916432 0.77024771 0.77274862 0.77212888 0.77244012
 0.77367383 0.77461044 0.77195251 0.77230788 0.77537141 0.77591854
 0.77329005 0.77417736 0.77162612 0.77610021 0.77562288 0.77986467
 0.7784777  0.78090755 0.78418572 0.78080086 0.78876525 0.79046134
 0.80027249 0.80029    0.80233802 0.79858903 0.80226415 0.79695221
 0.80482486 0.806374   0.80606824 0.80814998 0.80750284 0.80986795
 0.81246006 0.81304832 0.81276235 0.82558138 0.82379217 0.82131721
 0.8261295  0.82861247 0.82509096 0.82739033 0.82951996 0.82901114
 0.82979435 0.83309625 0.83143999 0.83520934 0.83262615 0.86840455
 0.86870313 0.86819552 0.86780793 0.87178551 0.88218379 0.88531682
 0.88849473 0.88899523 0.88794676 0.89055311 0.90645995 0.9270179
 0.92736189 0.92651497 0.92753199 0.9294442  0.92914055 0.92953367
 0.94885745 0.94864056 0.94885745 0.94864056 0.94885745 0.94864056
 0.94885745 0.94864056 0.94885745 0.94864056 0.94885745 0.94672424]","[0, 1, 2, 3, 4, 5, 6, 7, 8, 9, 10, 11, 12, 13, 14, 15, 16, 17, 18, 19, 20, 21, 22, 23, 24, 25, 26, 27, 28, 29, 30, 31, 32, 33, 34, 35, 36, 37, 38, 39, 40, 41, 42, 43, 44, 45, 46, 47, 48, 49, 50, 51, 52, 53, 54, 55, 56, 57, 58, 59, 60, 61, 62, 63, 64, 65, 66, 67, 68, 69, 70, 71, 72, 73, 74, 75, 76, 77, 78, 79, 80, 81, 82, 83, 84, 85, 86, 87, 88, 89, 90, 91, 92, 93, 94, 95, 96, 97, 98, 99, 100, 101]"
1,Document2StepMutator,"[1.         1.00000005 0.96719036 0.96094043 0.95758569 0.95098969
 0.95063353 0.95018174 0.94894767 0.94847474 0.94566955 0.94366414
 0.94282318 0.94135258 0.93966912 0.93736573 0.93625727 0.93524411
 0.93755765 0.93596197 0.93598505 0.93525863 0.9349746  0.93386546
 0.93358599 0.93284542 0.93273914 0.93251255 0.92993998 0.92914383
 0.92883119 0.92872904 0.92977061 0.92985745 0.92940178 0.9271999
 0.92655125 0.92776784 0.92686738 0.9262688  0.92556116 0.92624309
 0.92537417 0.92567625 0.9269859  0.92639842 0.92612951 0.92490874
 0.92397386 0.92385858 0.92369452 0.92524769 0.92431348 0.92466494
 0.92357568 0.92241235 0.91793808 0.91871029 0.9177717  0.92010194
 0.91954555 0.92102864 0.92077062 0.92216361 0.92050057 0.91922598
 0.91909884 0.91644575 0.9159879  0.91568621 0.91567241 0.9150909
 0.91504683 0.91390018 0.91704439 0.92524356 0.92498832 0.9223607
 0.92329742 0.92303598 0.92055315 0.92012503 0.92205734 0.92319818
 0.92382001 0.92335917 0.92444238 0.91713198 0.91427292 0.90470229
 0.90337031 0.90077205 0.89768877 0.91818289 0.91733252 0.92085103
 0.91073893 0.91073893 0.91730051 0.84235719 0.84235719]","[0, 1, 2, 3, 4, 5, 6, 7, 8, 9, 10, 11, 12, 13, 14, 15, 16, 17, 18, 19, 20, 21, 22, 23, 24, 25, 26, 27, 28, 29, 30, 31, 32, 33, 34, 35, 36, 37, 38, 39, 40, 41, 42, 43, 44, 45, 46, 47, 48, 49, 50, 51, 52, 53, 54, 55, 56, 57, 58, 59, 60, 61, 62, 63, 64, 65, 66, 67, 68, 69, 70, 71, 72, 73, 74, 75, 76, 77, 78, 79, 80, 81, 82, 83, 84, 85, 86, 87, 88, 89, 90, 91, 92, 93, 94, 95, 96, 97, 98, 99, 100]"
2,SentenceMutator,"[1.         0.80549414 0.80643694 0.80298916 0.80085942 0.80038376
 0.79718862 0.79463387 0.79338542 0.78995358 0.79362542 0.78718262
 0.7908337  0.78804406 0.78814882 0.78462442 0.7820176  0.78393911
 0.78494817 0.78117663 0.78242369 0.7820066  0.78161692 0.78027866
 0.77712301 0.77436264 0.77720931 0.77526741 0.77390323 0.77435738
 0.77210848 0.77126632 0.77306599 0.77122491 0.77003168 0.76856622
 0.76727875 0.76623888 0.76807363 0.7680496  0.76655254 0.76367561
 0.76454804 0.76261216 0.76401845 0.76094405 0.76332227 0.7597375
 0.75908749 0.75652946 0.75700801 0.75622557 0.75416342 0.75301303
 0.74969492 0.75211524 0.74986514 0.75142295 0.7537337  0.75110292
 0.75047465 0.74477018 0.7498508  0.74879781 0.74665588 0.75097451
 0.74548888 0.74512492 0.74904978 0.7452443  0.74073354 0.74660602
 0.74231026 0.74013211 0.7425705  0.74055272 0.74589529 0.74191607
 0.73399429 0.74678599 0.74237947 0.74345832 0.74501352 0.74440585
 0.74022228 0.73769257 0.73699288 0.73593853 0.73723465 0.73495726
 0.72970806 0.73257036 0.72859717 0.73114147 0.72982344 0.73411377
 0.73341035 0.72761168 0.728132   0.72925821 0.72343988 0.72329621
 0.72452184 0.71949192 0.72512503 0.72112001 0.71758476 0.71633869
 0.71980125 0.71886408 0.71201104 0.70870581 0.70841361 0.71151427
 0.70611599 0.70248626 0.71025683 0.70886281 0.70215497 0.70169594
 0.69816444 0.69782862 0.6995375  0.69637128 0.69192624 0.68956347
 0.69295164 0.69331997 0.69393067 0.69052381 0.68068662 0.68201291
 0.68454807 0.67952929 0.67530458 0.67711267 0.67307874 0.67663888
 0.67237521 0.67551262 0.68110647 0.68213039 0.6803071  0.67608913
 0.67806201 0.67612557 0.66262195 0.65829136 0.65865735 0.65588507
 0.64727877 0.62659305 0.38867048 0.39113365 0.39239202 0.39194473
 0.39313708 0.39339669 0.39411245 0.3942032  0.39349644 0.39170146
 0.39172137 0.3927237  0.39115544 0.39131794 0.39114182 0.40494196
 0.40504129 0.40532252 0.40694381 0.40571014 0.40576521 0.42222841
 0.42247858 0.42338628 0.43737693 0.4387307  0.43893561 0.43888594
 0.43984324 0.44085151 0.44192931 0.4414026  0.44316072 0.44516477
 0.42305619 0.4256321  0.42436144 0.42407315 0.42245069 0.42411252
 0.42298392 0.4220818  0.42047988 0.4201436  0.42169508 0.41945173
 0.41944981 0.41972118 0.41756048 0.41732081 0.41875062 0.41847809
 0.41807825 0.41736747 0.4181352  0.41843682 0.41780384 0.41688486
 0.41841491 0.41937768 0.4187825  0.41863875 0.42091774 0.42241502
 0.42093865 0.42017547 0.41996036 0.42157171 0.42286373 0.42269119
 0.42156917 0.42118941 0.41860449 0.41993205 0.39859721 0.39647273
 0.39758434 0.39615336 0.39628216 0.39493761 0.40955887 0.40858759
 0.41089309 0.40812828 0.40765144 0.40768358 0.40870799 0.40971797
 0.40993852 0.40887622 0.40823541 0.40777212 0.40672726 0.40663236
 0.40473938 0.40709385 0.4055018  0.40583532 0.40466566 0.40542629
 0.40495638 0.40679483 0.40671577 0.40587297 0.40596784 0.40861745
 0.40733505 0.40539752 0.40720736 0.40803923 0.38289447 0.38129835
 0.38389457 0.38297667 0.3851295  0.38579773 0.38661112 0.38731836
 0.38580805 0.38379253 0.383179   0.3811639  0.38161902 0.38456003
 0.38477134 0.38646685 0.38603114 0.38914283 0.38958549 0.38873535
 0.3837031  0.38311451 0.38331331 0.38309831 0.38406098 0.38456953
 0.3858935  0.38712571 0.38726803 0.38600199 0.38558693 0.38720781
 0.38707352 0.3857607  0.38450896 0.38441452 0.38399549 0.38484439
 0.38273689 0.38167247 0.40228542 0.40091073 0.40128926 0.40203102
 0.40164001 0.40211153 0.40167305 0.40059777 0.40125819 0.40237917
 0.4242135  0.4217972  0.42111235 0.38403356 0.38595808 0.38906649
 0.38724096 0.38717326 0.38777103 0.38919711 0.38563255 0.3857362
 0.38792529 0.38685318 0.38686633 0.3868463  0.39339483 0.39227999
 0.39123811 0.39111104 0.39345055 0.39224085 0.39357077 0.39388587
 0.39138255 0.39177533 0.39271512 0.39431212 0.39210368 0.39123532
 0.39149263 0.38989991 0.38744453 0.38759381 0.38832723 0.38910108
 0.39003025 0.39149875 0.36206854 0.36288279 0.36360881 0.36584838
 0.36348475 0.36592399 0.36705546 0.36752007 0.370884   0.36942981
 0.36733862 0.36683105 0.36565425 0.36498063 0.36246555 0.36200501
 0.36276728 0.36015815 0.36077414 0.36281359 0.36176841 0.37326448
 0.37182394 0.36848871 0.36956919 0.37504547 0.37640157 0.37607215
 0.37647253 0.37622716 0.38157059 0.38214776 0.37970685 0.38220762
 0.37988902 0.37901573 0.40376652 0.40412484 0.40196145 0.43879135
 0.43594297 0.43087121 0.43183006 0.4343247  0.43427676 0.43383865
 0.4307197  0.43091468 0.4328126  0.43264709 0.43137274 0.43292451
 0.43233498 0.43530385 0.43587289 0.4356598  0.38848222 0.38551769
 0.38433094 0.38302529 0.38378034 0.38605355 0.39034298 0.38812543
 0.38997924 0.38979024 0.38286526 0.38429899 0.38165707 0.38165576
 0.38574402 0.39156602 0.38520989 0.38456468 0.39474869 0.3900977
 0.38901617 0.39079178 0.38878966 0.38541454 0.38985222 0.38852807
 0.38920507 0.38426318 0.38442102 0.38518522 0.3832122  0.385871
 0.38257274 0.38481939 0.38585992 0.38709047 0.38630258 0.39607872
 0.39645571 0.39095971 0.39185734 0.39300332 0.40771735 0.4098218
 0.41289576 0.41060323 0.4110577  0.41089954 0.40733739 0.40495212
 0.40507898 0.40585467 0.40147719 0.40087261 0.40457197 0.40352008
 0.40577302 0.40570799 0.40594592 0.40737689 0.40555796 0.39966813
 0.39591556 0.39455278 0.39413484 0.39102531 0.39056082 0.38860396
 0.38945998 0.39015083 0.39180281 0.46585313 0.47304971 0.47513628
 0.47513628 0.475249   0.47611331 0.47693662 0.47695232 0.48224391
 0.48153473 0.48243426 0.48272344 0.48253979 0.47943764 0.47089904
 0.47653159 0.47662044 0.47888082 0.55843567 0.45800623 0.44922756
 0.45781591 0.44755776 0.44586896 0.44586896]","[0, 1, 2, 3, 4, 5, 6, 7, 8, 9, 10, 11, 12, 13, 14, 15, 16, 17, 18, 19, 20, 21, 22, 23, 24, 25, 26, 27, 28, 29, 30, 31, 32, 33, 34, 35, 36, 37, 38, 39, 40, 41, 42, 43, 44, 45, 46, 47, 48, 49, 50, 51, 52, 53, 54, 55, 56, 57, 58, 59, 60, 61, 62, 63, 64, 65, 66, 67, 68, 69, 70, 71, 72, 73, 74, 75, 76, 77, 78, 79, 80, 81, 82, 83, 84, 85, 86, 87, 88, 89, 90, 91, 92, 93, 94, 95, 96, 97, 98, 99, 100, 101, 102, 103, 104, 105, 106, 107, 108, 109, 110, 111, 112, 113, 114, 115, 116, 117, 118, 119, 120, 121, 122, 123, 124, 125, 126, 127, 128, 129, 130, 131, 132, 133, 134, 135, 136, 137, 138, 139, 140, 141, 142, 143, 144, 145, 146, 147, 148, 149, 150, 151, 152, 153, 154, 155, 156, 157, 158, 159, 160, 161, 162, 163, 164, 165, 166, 167, 168, 169, 170, 171, 172, 173, 174, 175, 176, 177, 178, 179, 180, 181, 182, 183, 184, 185, 186, 187, 188, 189, 190, 191, 192, 193, 194, 195, 196, 197, 198, 199, 200, 201, 202, 203, 204, 205, 206, 207, 208, 209, 210, 211, 212, 213, 214, 215, 216, 217, 218, 219, 220, 221, 222, 223, 224, 225, 226, 227, 228, 229, 230, 231, 232, 233, 234, 235, 236, 237, 238, 239, 240, 241, 242, 243, 244, 245, 246, 247, 248, 249, 250, 251, 252, 253, 254, 255, 256, 257, 258, 259, 260, 261, 262, 263, 264, 265, 266, 267, 268, 269, 270, 271, 272, 273, 274, 275, 276, 277, 278, 279, 280, 281, 282, 283, 284, 285, 286, 287, 288, 289, 290, 291, 292, 293, 294, 295, 296, 297, 298, 299, 300, 301, 302, 303, 304, 305, 306, 307, 308, 309, 310, 311, 312, 313, 314, 315, 316, 317, 318, 319, 320, 321, 322, 323, 324, 325, 326, 327, 328, 329, 330, 331, 332, 333, 334, 335, 336, 337, 338, 339, 340, 341, 342, 343, 344, 345, 346, 347, 348, 349, 350, 351, 352, 353, 354, 355, 356, 357, 358, 359, 360, 361, 362, 363, 364, 365, 366, 367, 368, 369, 370, 371, 372, 373, 374, 375, 376, 377, 378, 379, 380, 381, 382, 383, 384, 385, 386, 387, 388, 389, 390, 391, 392, 393, 394, 395, 396, 397, 398, 399, 400, 401, 402, 403, 404, 405, 406, 407, 408, 409, 410, 411, 412, 413, 414, 415, 416, 417, 418, 419, 420, 421, 422, 423, 424, 425, 426, 427, 428, 429, 430, 431, 432, 433, 434, 435, 436, 437, 438, 439, 440, 441, 442, 443, 444, 445, 446, 447, 448, 449, 450, 451, 452, 453, 454, 455, 456, 457, 458, 459, 460, 461, 462, 463, 464, 465, 466, 467, 468, 469, 470, 471, 472, 473, 474, 475, 476, 477, 478, 479, 480, 481, 482, 483, 484, 485, 486, 487, 488, 489, 490, 491, 492, 493, 494, 495, 496, 497, 498, 499, 500, 501]"
3,SpanMutator,"[1.         0.80176734 0.80044926 0.80104061 0.80127636 0.80035793
 0.80007806 0.79993118 0.79799344 0.79712734 0.79616229 0.79631374
 0.79557524 0.79542097 0.79532284 0.79452151 0.79412207 0.79342633
 0.79341842 0.79352656 0.79277073 0.79262551 0.79179815 0.79152124
 0.79111786 0.79037038 0.79076552 0.79093603 0.79078998 0.79098963
 0.79011782 0.78952708 0.78957958 0.78891026 0.78919856 0.78895268
 0.78888217 0.78843022 0.78791108 0.78860959 0.78794659 0.78752681
 0.78751017 0.78673956 0.78583414 0.78594293 0.78490898 0.78542829
 0.78455844 0.78498711 0.78451498 0.78505154 0.78434134 0.78440341
 0.78426268 0.78335499 0.78377032 0.78253248 0.78258873 0.78272977
 0.78183232 0.78174683 0.78185239 0.78119374 0.78024596 0.77997776
 0.78034926 0.77988964 0.77956118 0.77926025 0.77983112 0.77919773
 0.7790101  0.77897677 0.77919444 0.77859498 0.77737055 0.77732175
 0.77696411 0.77634487 0.77637451 0.77627988 0.77726221 0.77641657
 0.77708075 0.77705341 0.77673347 0.77667645 0.77677709 0.77716211
 0.77650623 0.77607008 0.77575303 0.77537972 0.77613627 0.77828551
 0.77796332 0.77683575 0.77663291 0.7772069  0.77684206 0.77868298
 0.78026077 0.78018388 0.78010831 0.77932346 0.77943895 0.77939706
 0.77845648 0.77840019 0.77809553 0.77762015 0.77876627 0.77883125
 0.77909296 0.78027968 0.78019521 0.78103504 0.78063587 0.78034209
 0.78064806 0.77948805 0.77950047 0.78146167 0.78165276 0.78243167
 0.78105828 0.78301571 0.78254176 0.78201986 0.78283712 0.782727
 0.78118841 0.77959476 0.77938891 0.77847949 0.77892338 0.77684936
 0.77646804 0.77630944 0.77674733 0.77569031 0.77854974 0.77833166
 0.77891026 0.77754372 0.77659789 0.77648706 0.77645274 0.77528718
 0.77370525 0.77131912 0.7717171  0.77154613 0.77299465 0.77192136
 0.76973896 0.77184602 0.77367292 0.77262564 0.77251844 0.77147037
 0.77160784 0.77326585 0.77228936 0.77192594 0.7731128  0.77376813
 0.77373627 0.77521836 0.7738625  0.77812129 0.78044254 0.78529656
 0.78523856 0.78604953 0.78191259 0.78077935 0.78078468 0.77855835
 0.77962917 0.77870445 0.78173893 0.78102532 0.78466214 0.78595821
 0.78533268 0.78482912 0.78408761 0.78396697 0.78257192 0.7787906
 0.77880941 0.78082327 0.7805298  0.77745781 0.78210016 0.78571711
 0.78658487 0.79029725 0.79022118 0.78974036 0.78712378 0.78706118
 0.78368119 0.77858946 0.77628736 0.77340512 0.77296509 0.76953979
 0.7591295  0.75468295 0.75299498 0.74921398 0.74351687 0.75514054
 0.75070335 0.74348859 0.74403424 0.74164909 0.74284445 0.74221199
 0.74181281 0.74202969 0.77439649 0.77338011 0.77062534 0.78449518
 0.80452366 0.78808228 0.78726053 0.78717985 0.7803809  0.81376981
 0.80865618 0.80762628 0.80798145 0.8077062  0.79850419 0.79850419
 0.79507064 0.79899914 0.78154136 0.78123727 0.78142081 0.76773976
 0.76641871 0.78203717 0.7500604  0.9892627  0.9892627  0.9892627 ]","[0, 1, 2, 3, 4, 5, 6, 7, 8, 9, 10, 11, 12, 13, 14, 15, 16, 17, 18, 19, 20, 21, 22, 23, 24, 25, 26, 27, 28, 29, 30, 31, 32, 33, 34, 35, 36, 37, 38, 39, 40, 41, 42, 43, 44, 45, 46, 47, 48, 49, 50, 51, 52, 53, 54, 55, 56, 57, 58, 59, 60, 61, 62, 63, 64, 65, 66, 67, 68, 69, 70, 71, 72, 73, 74, 75, 76, 77, 78, 79, 80, 81, 82, 83, 84, 85, 86, 87, 88, 89, 90, 91, 92, 93, 94, 95, 96, 97, 98, 99, 100, 101, 102, 103, 104, 105, 106, 107, 108, 109, 110, 111, 112, 113, 114, 115, 116, 117, 118, 119, 120, 121, 122, 123, 124, 125, 126, 127, 128, 129, 130, 131, 132, 133, 134, 135, 136, 137, 138, 139, 140, 141, 142, 143, 144, 145, 146, 147, 148, 149, 150, 151, 152, 153, 154, 155, 156, 157, 158, 159, 160, 161, 162, 163, 164, 165, 166, 167, 168, 169, 170, 171, 172, 173, 174, 175, 176, 177, 178, 179, 180, 181, 182, 183, 184, 185, 186, 187, 188, 189, 190, 191, 192, 193, 194, 195, 196, 197, 198, 199, 200, 201, 202, 203, 204, 205, 206, 207, 208, 209, 210, 211, 212, 213, 214, 215, 216, 217, 218, 219, 220, 221, 222, 223, 224, 225, 226, 227, 228, 229, 230, 231, 232, 233, 234, 235, 236, 237, 238, 239, 240, 241, 242, 243, 244, 245, 246, 247, 248, 249, 250, 251]"
4,WordMutator,[1.         0.80774353 0.80765175 ... 0.90807575 0.90807575 0.90807575],"[0, 1, 2, 3, 4, 5, 6, 7, 8, 9, 10, 11, 12, 13, 14, 15, 16, 17, 18, 19, 20, 21, 22, 23, 24, 25, 26, 27, 28, 29, 30, 31, 32, 33, 34, 35, 36, 37, 38, 39, 40, 41, 42, 43, 44, 45, 46, 47, 48, 49, 50, 51, 52, 53, 54, 55, 56, 57, 58, 59, 60, 61, 62, 63, 64, 65, 66, 67, 68, 69, 70, 71, 72, 73, 74, 75, 76, 77, 78, 79, 80, 81, 82, 83, 84, 85, 86, 87, 88, 89, 90, 91, 92, 93, 94, 95, 96, 97, 98, 99, 100, 101, 102, 103, 104, 105, 106, 107, 108, 109, 110, 111, 112, 113, 114, 115, 116, 117, 118, 119, 120, 121, 122, 123, 124, 125, 126, 127, 128, 129, 130, 131, 132, 133, 134, 135, 136, 137, 138, 139, 140, 141, 142, 143, 144, 145, 146, 147, 148, 149, 150, 151, 152, 153, 154, 155, 156, 157, 158, 159, 160, 161, 162, 163, 164, 165, 166, 167, 168, 169, 170, 171, 172, 173, 174, 175, 176, 177, 178, 179, 180, 181, 182, 183, 184, 185, 186, 187, 188, 189, 190, 191, 192, 193, 194, 195, 196, 197, 198, 199, 200, 201, 202, 203, 204, 205, 206, 207, 208, 209, 210, 211, 212, 213, 214, 215, 216, 217, 218, 219, 220, 221, 222, 223, 224, 225, 226, 227, 228, 229, 230, 231, 232, 233, 234, 235, 236, 237, 238, 239, 240, 241, 242, 243, 244, 245, 246, 247, 248, 249, 250, 251, 252, 253, 254, 255, 256, 257, 258, 259, 260, 261, 262, 263, 264, 265, 266, 267, 268, 269, 270, 271, 272, 273, 274, 275, 276, 277, 278, 279, 280, 281, 282, 283, 284, 285, 286, 287, 288, 289, 290, 291, 292, 293, 294, 295, 296, 297, 298, 299, 300, 301, 302, 303, 304, 305, 306, 307, 308, 309, 310, 311, 312, 313, 314, 315, 316, 317, 318, 319, 320, 321, 322, 323, 324, 325, 326, 327, 328, 329, 330, 331, 332, 333, 334, 335, 336, 337, 338, 339, 340, 341, 342, 343, 344, 345, 346, 347, 348, 349, 350, 351, 352, 353, 354, 355, 356, 357, 358, 359, 360, 361, 362, 363, 364, 365, 366, 367, 368, 369, 370, 371, 372, 373, 374, 375, 376, 377, 378, 379, 380, 381, 382, 383, 384, 385, 386, 387, 388, 389, 390, 391, 392, 393, 394, 395, 396, 397, 398, 399, 400, 401, 402, 403, 404, 405, 406, 407, 408, 409, 410, 411, 412, 413, 414, 415, 416, 417, 418, 419, 420, 421, 422, 423, 424, 425, 426, 427, 428, 429, 430, 431, 432, 433, 434, 435, 436, 437, 438, 439, 440, 441, 442, 443, 444, 445, 446, 447, 448, 449, 450, 451, 452, 453, 454, 455, 456, 457, 458, 459, 460, 461, 462, 463, 464, 465, 466, 467, 468, 469, 470, 471, 472, 473, 474, 475, 476, 477, 478, 479, 480, 481, 482, 483, 484, 485, 486, 487, 488, 489, 490, 491, 492, 493, 494, 495, 496, 497, 498, 499, 500, 501, 502, 503, 504, 505, 506, 507, 508, 509, 510, 511, 512, 513, 514, 515, 516, 517, 518, 519, 520, 521, 522, 523, 524, 525, 526, 527, 528, 529, 530, 531, 532, 533, 534, 535, 536, 537, 538, 539, 540, 541, 542, 543, 544, 545, 546, 547, 548, 549, 550, 551, 552, 553, 554, 555, 556, 557, 558, 559, 560, 561, 562, 563, 564, 565, 566, 567, 568, 569, 570, 571, 572, 573, 574, 575, 576, 577, 578, 579, 580, 581, 582, 583, 584, 585, 586, 587, 588, 589, 590, 591, 592, 593, 594, 595, 596, 597, 598, 599, 600, 601, 602, 603, 604, 605, 606, 607, 608, 609, 610, 611, 612, 613, 614, 615, 616, 617, 618, 619, 620, 621, 622, 623, 624, 625, 626, 627, 628, 629, 630, 631, 632, 633, 634, 635, 636, 637, 638, 639, 640, 641, 642, 643, 644, 645, 646, 647, 648, 649, 650, 651, 652, 653, 654, 655, 656, 657, 658, 659, 660, 661, 662, 663, 664, 665, 666, 667, 668, 669, 670, 671, 672, 673, 674, 675, 676, 677, 678, 679, 680, 681, 682, 683, 684, 685, 686, 687, 688, 689, 690, 691, 692, 693, 694, 695, 696, 697, 698, 699, 700, 701, 702, 703, 704, 705, 706, 707, 708, 709, 710, 711, 712, 713, 714, 715, 716, 717, 718, 719, 720, 721, 722, 723, 724, 725, 726, 727, 728, 729, 730, 731, 732, 733, 734, 735, 736, 737, 738, 739, 740, 741, 742, 743, 744, 745, 746, 747, 748, 749, 750, 751, 752, 753, 754, 755, 756, 757, 758, 759, 760, 761, 762, 763, 764, 765, 766, 767, 768, 769, 770, 771, 772, 773, 774, 775, 776, 777, 778, 779, 780, 781, 782, 783, 784, 785, 786, 787, 788, 789, 790, 791, 792, 793, 794, 795, 796, 797, 798, 799, 800, 801, 802, 803, 804, 805, 806, 807, 808, 809, 810, 811, 812, 813, 814, 815, 816, 817, 818, 819, 820, 821, 822, 823, 824, 825, 826, 827, 828, 829, 830, 831, 832, 833, 834, 835, 836, 837, 838, 839, 840, 841, 842, 843, 844, 845, 846, 847, 848, 849, 850, 851, 852, 853, 854, 855, 856, 857, 858, 859, 860, 861, 862, 863, 864, 865, 866, 867, 868, 869, 870, 871, 872, 873, 874, 875, 876, 877, 878, 879, 880, 881, 882, 883, 884, 885, 886, 887, 888, 889, 890, 891, 892, 893, 894, 895, 896, 897, 898, 899, 900, 901, 902, 903, 904, 905, 906, 907, 908, 909, 910, 911, 912, 913, 914, 915, 916, 917, 918, 919, 920, 921, 922, 923, 924, 925, 926, 927, 928, 929, 930, 931, 932, 933, 934, 935, 936, 937, 938, 939, 940, 941, 942, 943, 944, 945, 946, 947, 948, 949, 950, 951, 952, 953, 954, 955, 956, 957, 958, 959, 960, 961, 962, 963, 964, 965, 966, 967, 968, 969, 970, 971, 972, 973, 974, 975, 976, 977, 978, 979, 980, 981, 982, 983, 984, 985, 986, 987, 988, 989, 990, 991, 992, 993, 994, 995, 996, 997, 998, 999, 1000, 1001]"
5,DocumentMutator,"[1.         0.92208627 0.8737311  0.85826178 0.84570313 0.83675199
 0.83494984 0.83361437 0.82993553 0.82313073 0.8205752  0.81786609
 0.8172955  0.81740603 0.81228607 0.80858607 0.81177259 0.80749139
 0.80289208 0.80237007 0.79719102 0.79859441 0.7976883  0.80259352
 0.79783443 0.7925254  0.79810676 0.80009198 0.8044391  0.80587456
 0.80702385 0.80941323 0.80016611 0.79140543 0.79143423 0.78629486
 0.78470737 0.78675525 0.77550312 0.78630722 0.78189287 0.7848238
 0.78495477 0.78115703 0.78086938 0.78457552 0.77956582 0.77946274
 0.78078411 0.78081237 0.7760273  0.77019567 0.76604654 0.76850386
 0.76631476 0.76357918 0.76440363 0.76110997 0.76732071 0.76959357
 0.77442634 0.77354404 0.77258904 0.7691935  0.77783141 0.76931493
 0.77189328 0.77575914 0.77352445 0.7749729  0.78342735 0.78369511
 0.78037593 0.77173969 0.77546151 0.77310357 0.77276549 0.77155061
 0.77269481 0.78018036 0.70967055 0.69404254 0.60711388 0.60183974
 0.58963501 0.60074022 0.60067451 0.59896067]","[0, 1, 2, 3, 4, 5, 6, 7, 8, 9, 10, 11, 12, 13, 14, 15, 16, 17, 18, 19, 20, 21, 22, 23, 24, 25, 26, 27, 28, 29, 30, 31, 32, 33, 34, 35, 36, 37, 38, 39, 40, 41, 42, 43, 44, 45, 46, 47, 48, 49, 50, 51, 52, 53, 54, 55, 56, 57, 58, 59, 60, 61, 62, 63, 64, 65, 66, 67, 68, 69, 70, 71, 72, 73, 74, 75, 76, 77, 78, 79, 80, 81, 82, 83, 84, 85, 86, 87]"
6,EntropyWordMutator,[1.         1.00000004 0.9994932  ... 0.90700938 0.90665589 0.90746105],"[0, 1, 2, 3, 4, 5, 6, 7, 8, 9, 10, 11, 12, 13, 14, 15, 16, 17, 18, 19, 20, 21, 22, 23, 24, 25, 26, 27, 28, 29, 30, 31, 32, 33, 34, 35, 36, 37, 38, 39, 40, 41, 42, 43, 44, 45, 46, 47, 48, 49, 50, 51, 52, 53, 54, 55, 56, 57, 58, 59, 60, 61, 62, 63, 64, 65, 66, 67, 68, 69, 70, 71, 72, 73, 74, 75, 76, 77, 78, 79, 80, 81, 82, 83, 84, 85, 86, 87, 88, 89, 90, 91, 92, 93, 94, 95, 96, 97, 98, 99, 100, 101, 102, 103, 104, 105, 106, 107, 108, 109, 110, 111, 112, 113, 114, 115, 116, 117, 118, 119, 120, 121, 122, 123, 124, 125, 126, 127, 128, 129, 130, 131, 132, 133, 134, 135, 136, 137, 138, 139, 140, 141, 142, 143, 144, 145, 146, 147, 148, 149, 150, 151, 152, 153, 154, 155, 156, 157, 158, 159, 160, 161, 162, 163, 164, 165, 166, 167, 168, 169, 170, 171, 172, 173, 174, 175, 176, 177, 178, 179, 180, 181, 182, 183, 184, 185, 186, 187, 188, 189, 190, 191, 192, 193, 194, 195, 196, 197, 198, 199, 200, 201, 202, 203, 204, 205, 206, 207, 208, 209, 210, 211, 212, 213, 214, 215, 216, 217, 218, 219, 220, 221, 222, 223, 224, 225, 226, 227, 228, 229, 230, 231, 232, 233, 234, 235, 236, 237, 238, 239, 240, 241, 242, 243, 244, 245, 246, 247, 248, 249, 250, 251, 252, 253, 254, 255, 256, 257, 258, 259, 260, 261, 262, 263, 264, 265, 266, 267, 268, 269, 270, 271, 272, 273, 274, 275, 276, 277, 278, 279, 280, 281, 282, 283, 284, 285, 286, 287, 288, 289, 290, 291, 292, 293, 294, 295, 296, 297, 298, 299, 300, 301, 302, 303, 304, 305, 306, 307, 308, 309, 310, 311, 312, 313, 314, 315, 316, 317, 318, 319, 320, 321, 322, 323, 324, 325, 326, 327, 328, 329, 330, 331, 332, 333, 334, 335, 336, 337, 338, 339, 340, 341, 342, 343, 344, 345, 346, 347, 348, 349, 350, 351, 352, 353, 354, 355, 356, 357, 358, 359, 360, 361, 362, 363, 364, 365, 366, 367, 368, 369, 370, 371, 372, 373, 374, 375, 376, 377, 378, 379, 380, 381, 382, 383, 384, 385, 386, 387, 388, 389, 390, 391, 392, 393, 394, 395, 396, 397, 398, 399, 400, 401, 402, 403, 404, 405, 406, 407, 408, 409, 410, 411, 412, 413, 414, 415, 416, 417, 418, 419, 420, 421, 422, 423, 424, 425, 426, 427, 428, 429, 430, 431, 432, 433, 434, 435, 436, 437, 438, 439, 440, 441, 442, 443, 444, 445, 446, 447, 448, 449, 450, 451, 452, 453, 454, 455, 456, 457, 458, 459, 460, 461, 462, 463, 464, 465, 466, 467, 468, 469, 470, 471, 472, 473, 474, 475, 476, 477, 478, 479, 480, 481, 482, 483, 484, 485, 486, 487, 488, 489, 490, 491, 492, 493, 494, 495, 496, 497, 498, 499, 500, 501, 502, 503, 504, 505, 506, 507, 508, 509, 510, 511, 512, 513, 514, 515, 516, 517, 518, 519, 520, 521, 522, 523, 524, 525, 526, 527, 528, 529, 530, 531, 532, 533, 534, 535, 536, 537, 538, 539, 540, 541, 542, 543, 544, 545, 546, 547, 548, 549, 550, 551, 552, 553, 554, 555, 556, 557, 558, 559, 560, 561, 562, 563, 564, 565, 566, 567, 568, 569, 570, 571, 572, 573, 574, 575, 576, 577, 578, 579, 580, 581, 582, 583, 584, 585, 586, 587, 588, 589, 590, 591, 592, 593, 594, 595, 596, 597, 598, 599, 600, 601, 602, 603, 604, 605, 606, 607, 608, 609, 610, 611, 612, 613, 614, 615, 616, 617, 618, 619, 620, 621, 622, 623, 624, 625, 626, 627, 628, 629, 630, 631, 632, 633, 634, 635, 636, 637, 638, 639, 640, 641, 642, 643, 644, 645, 646, 647, 648, 649, 650, 651, 652, 653, 654, 655, 656, 657, 658, 659, 660, 661, 662, 663, 664, 665, 666, 667, 668, 669, 670, 671, 672, 673, 674, 675, 676, 677, 678, 679, 680, 681, 682, 683, 684, 685, 686, 687, 688, 689, 690, 691, 692, 693, 694, 695, 696, 697, 698, 699, 700, 701, 702, 703, 704, 705, 706, 707, 708, 709, 710, 711, 712, 713, 714, 715, 716, 717, 718, 719, 720, 721, 722, 723, 724, 725, 726, 727, 728, 729, 730, 731, 732, 733, 734, 735, 736, 737, 738, 739, 740, 741, 742, 743, 744, 745, 746, 747, 748, 749, 750, 751, 752, 753, 754, 755, 756, 757, 758, 759, 760, 761, 762, 763, 764, 765, 766, 767, 768, 769, 770, 771, 772, 773, 774, 775, 776, 777, 778, 779, 780, 781, 782, 783, 784, 785, 786, 787, 788, 789, 790, 791, 792, 793, 794, 795, 796, 797, 798, 799, 800, 801, 802, 803, 804, 805, 806, 807, 808, 809, 810, 811, 812, 813, 814, 815, 816, 817, 818, 819, 820, 821, 822, 823, 824, 825, 826, 827, 828, 829, 830, 831, 832, 833, 834, 835, 836, 837, 838, 839, 840, 841, 842, 843, 844, 845, 846, 847, 848, 849, 850, 851, 852, 853, 854, 855, 856, 857, 858, 859, 860, 861, 862, 863, 864, 865, 866, 867, 868, 869, 870, 871, 872, 873, 874, 875, 876, 877, 878, 879, 880, 881, 882, 883, 884, 885, 886, 887, 888, 889, 890, 891, 892, 893, 894, 895, 896, 897, 898, 899, 900, 901, 902, 903, 904, 905, 906, 907, 908, 909, 910, 911, 912, 913, 914, 915, 916, 917, 918, 919, 920, 921, 922, 923, 924, 925, 926, 927, 928, 929, 930, 931, 932, 933, 934, 935, 936, 937, 938, 939, 940, 941, 942, 943, 944, 945, 946, 947, 948, 949, 950, 951, 952, 953, 954, 955, 956, 957, 958, 959, 960, 961, 962, 963, 964, 965, 966, 967, 968, 969, 970, 971, 972, 973, 974, 975, 976, 977, 978, 979, 980, 981, 982, 983, 984, 985, 986, 987, 988, 989, 990, 991, 992, 993, 994, 995, 996, 997, 998, 999, 1000, 1001]"
